<?xml version="1.0" encoding="UTF-8" ?>
<!DOCTYPE mapper
  PUBLIC "-//mybatis.org//DTD Mapper 3.0//EN"
  "http://mybatis.org/dtd/mybatis-3-mapper.dtd">
  
<mapper namespace="Comment">
    <resultMap id="ReplyResultMap" type="com.spring.pboard.vo.CommentVO">
        <id property="comment_num" column="comment_num"/>
        <result property="idx" column="idx"/>
        <result property="comment_content" column="comment_content"/>
        <result property="mem_id" column="mem_id"/>
        <result property="comment_regdate" column="comment_regdate"/>
    </resultMap>
    <resultMap id="PBoardResultMap" type="com.spring.pboard.vo.PBoardVo">
        <id property="idx" column="idx"/>
        <result property="title" column="title"/>
        <result property="cont" column="cont"/>
        <result property="mem_id" column="mem_id"/>
        <result property="regdate" column="regdate"/>
        <result property="img_url" column="img_url"/>
        <result property="viewCnt" column="viewcnt"/>
    </resultMap>
    
		<select id="CommentList" resultMap="ReplyResultMap">
	        SELECT
	          comment_num
	          , idx
	          , comment_content
	          , mem_id
	          , comment_regdate
	        FROM comments
	        WHERE idx = #{idx}
	        ORDER BY comment_num
	    </select>

	  <insert id="CommentInsert"
  			statementType="CALLABLE"
       		parameterType="hashmap" >
      		
		insert into comments(comment_num, idx, mem_id, comment_content, comment_regdate)
			values(seq_comments.nextval ,#{idx}, #{mem_id, jdbcType=VARCHAR}, #{comment_content}, #{comment_regdate})
	</insert>
		<!-- 댓글 수정 -->
	<update id="CommentUpdate" parameterType="com.spring.pboard.vo.CommentVO">
		update comments set
			mem_id = #{mem_id},
			comment_content = #{comment_content}
		where comment_num = #{comment_num}
			and idx = #{idx}	
	</update>
	
	<!-- 댓글 삭제 -->
	<delete id="CommentDelete" parameterType="com.spring.pboard.vo.CommentVO">
		delete from comments
		where comment_num = #{comment_num}
			and idx = ${idx}	
	</delete>

</mapper>










