<?xml version="1.0" encoding="UTF-8"?>
<beans xmlns="http://www.springframework.org/schema/beans" xmlns:xsi="http://www.w3.org/2001/XMLSchema-instance" xmlns:aop="http://www.springframework.org/schema/aop" xmlns:context="http://www.springframework.org/schema/context" xmlns:mvc="http://www.springframework.org/schema/mvc" xmlns:p="http://www.springframework.org/schema/p" xmlns:mybatis-spring="http://mybatis.org/schema/mybatis-spring" xsi:schemaLocation="http://www.springframework.org/schema/mvc http://www.springframework.org/schema/mvc/spring-mvc-4.2.xsd http://mybatis.org/schema/mybatis-spring http://mybatis.org/schema/mybatis-spring-1.2.xsd http://www.springframework.org/schema/beans http://www.springframework.org/schema/beans/spring-beans.xsd http://www.springframework.org/schema/context http://www.springframework.org/schema/context/spring-context-4.2.xsd http://www.springframework.org/schema/aop http://www.springframework.org/schema/aop/spring-aop-4.2.xsd">

	<context:component-scan base-package="com.spring.*"></context:component-scan>

	<mvc:annotation-driven />

	<mvc:resources location="/WEB-INF/resources/css/" mapping="/css/**" />
	<mvc:resources location="/WEB-INF/resources/js/" mapping="/js/**" />
	<mvc:resources location="/WEB-INF/resources/img/" mapping="/img/**" />
	<mvc:resources location="/WEB-INF/resources/images/" mapping="/images/**" />
	<mvc:resources location="/WEB-INF/resources/font-awesome/" mapping="/font-awesome/**" />
	<mvc:resources location="/WEB-INF/resources/fonts/" mapping="/fonts/**" />
	<mvc:resources location="/WEB-INF/resources/webfonts/" mapping="/webfonts/**" />

	<bean id="viewResolver" class="org.springframework.web.servlet.view.InternalResourceViewResolver">
		<property name="prefix" value="/WEB-INF/views/" />
		<property name="suffix" value=".jsp" />
	</bean>

	<bean id="dataSource" class="org.apache.commons.dbcp.BasicDataSource" destroy-method="close">
		<property name="driverClassName" value="oracle.jdbc.driver.OracleDriver" />
		<property name="url" value="jdbc:oracle:thin:@localhost:1521:xe" />
		<property name="username" value="gocamping" />
		<property name="password" value="1234" />
	</bean>

	<bean id="sqlSessionFactory" class="org.mybatis.spring.SqlSessionFactoryBean">
		<property name="dataSource" ref="dataSource" />
		<property name="mapperLocations" value="classpath:myBatis/sqlmaps/*.xml" />
	</bean>

	<bean id="sqlSession" class="org.mybatis.spring.SqlSessionTemplate" destroy-method="clearCache">
		<constructor-arg name="sqlSessionFactory" ref="sqlSessionFactory" />
	</bean>

	<!-- Interceptor 설정 추가 -->
	<mvc:interceptors>
		<!-- 공통 Interceptor -->
		<mvc:interceptor>
			<mvc:mapping path="/loginProcess/**" />
			<mvc:exclude-mapping path="/resources/**" />
			<bean id="authInterceptor" class="com.spring.interceptor.AuthInterceptor"></bean>
		</mvc:interceptor>
	</mvc:interceptors>

	<bean id="multipartResolver" class="org.springframework.web.multipart.support.StandardServletMultipartResolver" />

	<bean class="org.mybatis.spring.mapper.MapperScannerConfigurer">
		<property name="basePackage" value="com.spring.qna.mapper" />
	</bean>
	
	<bean id="visitCountDao" class="com.spring.visitcount.dao.impl.VisitCountDaoImpl"></bean>
	
</beans>